--
-- PostgreSQL database dump
--

\restrict fxNqodGQgUxGED18gdQ9WRwH5Q6qB6ffw8F1LYkJzSeENQawncftjK30uI1BDYZ

-- Dumped from database version 16.11
-- Dumped by pg_dump version 16.11

SET statement_timeout = 0;
SET lock_timeout = 0;
SET idle_in_transaction_session_timeout = 0;
SET client_encoding = 'UTF8';
SET standard_conforming_strings = on;
SELECT pg_catalog.set_config('search_path', '', false);
SET check_function_bodies = false;
SET xmloption = content;
SET client_min_messages = warning;
SET row_security = off;

SET default_tablespace = '';

SET default_table_access_method = heap;

--
-- Name: auth_group; Type: TABLE; Schema: public; Owner: election_user
--

CREATE TABLE public.auth_group (
    id integer NOT NULL,
    name character varying(150) NOT NULL
);


ALTER TABLE public.auth_group OWNER TO election_user;

--
-- Name: auth_group_id_seq; Type: SEQUENCE; Schema: public; Owner: election_user
--

ALTER TABLE public.auth_group ALTER COLUMN id ADD GENERATED BY DEFAULT AS IDENTITY (
    SEQUENCE NAME public.auth_group_id_seq
    START WITH 1
    INCREMENT BY 1
    NO MINVALUE
    NO MAXVALUE
    CACHE 1
);


--
-- Name: auth_group_permissions; Type: TABLE; Schema: public; Owner: election_user
--

CREATE TABLE public.auth_group_permissions (
    id integer NOT NULL,
    group_id integer NOT NULL,
    permission_id integer NOT NULL
);


ALTER TABLE public.auth_group_permissions OWNER TO election_user;

--
-- Name: auth_group_permissions_id_seq; Type: SEQUENCE; Schema: public; Owner: election_user
--

ALTER TABLE public.auth_group_permissions ALTER COLUMN id ADD GENERATED BY DEFAULT AS IDENTITY (
    SEQUENCE NAME public.auth_group_permissions_id_seq
    START WITH 1
    INCREMENT BY 1
    NO MINVALUE
    NO MAXVALUE
    CACHE 1
);


--
-- Name: auth_permission; Type: TABLE; Schema: public; Owner: election_user
--

CREATE TABLE public.auth_permission (
    id integer NOT NULL,
    name character varying(255) NOT NULL,
    content_type_id integer NOT NULL,
    codename character varying(100) NOT NULL
);


ALTER TABLE public.auth_permission OWNER TO election_user;

--
-- Name: auth_permission_id_seq; Type: SEQUENCE; Schema: public; Owner: election_user
--

ALTER TABLE public.auth_permission ALTER COLUMN id ADD GENERATED BY DEFAULT AS IDENTITY (
    SEQUENCE NAME public.auth_permission_id_seq
    START WITH 1
    INCREMENT BY 1
    NO MINVALUE
    NO MAXVALUE
    CACHE 1
);


--
-- Name: auth_user; Type: TABLE; Schema: public; Owner: election_user
--

CREATE TABLE public.auth_user (
    id integer NOT NULL,
    password character varying(128) NOT NULL,
    last_login timestamp with time zone,
    is_superuser boolean NOT NULL,
    username character varying(150) NOT NULL,
    first_name character varying(150) NOT NULL,
    last_name character varying(150) NOT NULL,
    email character varying(254) NOT NULL,
    is_staff boolean NOT NULL,
    is_active boolean NOT NULL,
    date_joined timestamp with time zone NOT NULL
);


ALTER TABLE public.auth_user OWNER TO election_user;

--
-- Name: auth_user_groups; Type: TABLE; Schema: public; Owner: election_user
--

CREATE TABLE public.auth_user_groups (
    id integer NOT NULL,
    user_id integer NOT NULL,
    group_id integer NOT NULL
);


ALTER TABLE public.auth_user_groups OWNER TO election_user;

--
-- Name: auth_user_groups_id_seq; Type: SEQUENCE; Schema: public; Owner: election_user
--

ALTER TABLE public.auth_user_groups ALTER COLUMN id ADD GENERATED BY DEFAULT AS IDENTITY (
    SEQUENCE NAME public.auth_user_groups_id_seq
    START WITH 1
    INCREMENT BY 1
    NO MINVALUE
    NO MAXVALUE
    CACHE 1
);


--
-- Name: auth_user_id_seq; Type: SEQUENCE; Schema: public; Owner: election_user
--

ALTER TABLE public.auth_user ALTER COLUMN id ADD GENERATED BY DEFAULT AS IDENTITY (
    SEQUENCE NAME public.auth_user_id_seq
    START WITH 1
    INCREMENT BY 1
    NO MINVALUE
    NO MAXVALUE
    CACHE 1
);


--
-- Name: auth_user_user_permissions; Type: TABLE; Schema: public; Owner: election_user
--

CREATE TABLE public.auth_user_user_permissions (
    id integer NOT NULL,
    user_id integer NOT NULL,
    permission_id integer NOT NULL
);


ALTER TABLE public.auth_user_user_permissions OWNER TO election_user;

--
-- Name: auth_user_user_permissions_id_seq; Type: SEQUENCE; Schema: public; Owner: election_user
--

ALTER TABLE public.auth_user_user_permissions ALTER COLUMN id ADD GENERATED BY DEFAULT AS IDENTITY (
    SEQUENCE NAME public.auth_user_user_permissions_id_seq
    START WITH 1
    INCREMENT BY 1
    NO MINVALUE
    NO MAXVALUE
    CACHE 1
);


--
-- Name: captcha_captchastore; Type: TABLE; Schema: public; Owner: election_user
--

CREATE TABLE public.captcha_captchastore (
    id integer NOT NULL,
    challenge character varying(32) NOT NULL,
    response character varying(32) NOT NULL,
    hashkey character varying(40) NOT NULL,
    expiration timestamp with time zone NOT NULL
);


ALTER TABLE public.captcha_captchastore OWNER TO election_user;

--
-- Name: captcha_captchastore_id_seq; Type: SEQUENCE; Schema: public; Owner: election_user
--

ALTER TABLE public.captcha_captchastore ALTER COLUMN id ADD GENERATED BY DEFAULT AS IDENTITY (
    SEQUENCE NAME public.captcha_captchastore_id_seq
    START WITH 1
    INCREMENT BY 1
    NO MINVALUE
    NO MAXVALUE
    CACHE 1
);


--
-- Name: core_contactmessage; Type: TABLE; Schema: public; Owner: election_user
--

CREATE TABLE public.core_contactmessage (
    id integer NOT NULL,
    name character varying(200) NOT NULL,
    email character varying(254) NOT NULL,
    phone character varying(20) NOT NULL,
    department character varying(50) NOT NULL,
    message text NOT NULL,
    created_at timestamp with time zone NOT NULL,
    is_read boolean NOT NULL
);


ALTER TABLE public.core_contactmessage OWNER TO election_user;

--
-- Name: core_contactmessage_id_seq; Type: SEQUENCE; Schema: public; Owner: election_user
--

ALTER TABLE public.core_contactmessage ALTER COLUMN id ADD GENERATED BY DEFAULT AS IDENTITY (
    SEQUENCE NAME public.core_contactmessage_id_seq
    START WITH 1
    INCREMENT BY 1
    NO MINVALUE
    NO MAXVALUE
    CACHE 1
);


--
-- Name: core_event; Type: TABLE; Schema: public; Owner: election_user
--

CREATE TABLE public.core_event (
    id integer NOT NULL,
    title character varying(200) NOT NULL,
    date date NOT NULL,
    location character varying(200) NOT NULL,
    description text NOT NULL,
    image character varying(100),
    slug character varying(255) NOT NULL
);


ALTER TABLE public.core_event OWNER TO election_user;

--
-- Name: core_event_id_seq; Type: SEQUENCE; Schema: public; Owner: election_user
--

ALTER TABLE public.core_event ALTER COLUMN id ADD GENERATED BY DEFAULT AS IDENTITY (
    SEQUENCE NAME public.core_event_id_seq
    START WITH 1
    INCREMENT BY 1
    NO MINVALUE
    NO MAXVALUE
    CACHE 1
);


--
-- Name: core_pressrelease; Type: TABLE; Schema: public; Owner: election_user
--

CREATE TABLE public.core_pressrelease (
    id integer NOT NULL,
    title character varying(200) NOT NULL,
    date date NOT NULL,
    category character varying(100) NOT NULL,
    summary text NOT NULL,
    content text NOT NULL,
    document character varying(100),
    image character varying(100),
    slug character varying(255) NOT NULL
);


ALTER TABLE public.core_pressrelease OWNER TO election_user;

--
-- Name: core_pressrelease_id_seq; Type: SEQUENCE; Schema: public; Owner: election_user
--

ALTER TABLE public.core_pressrelease ALTER COLUMN id ADD GENERATED BY DEFAULT AS IDENTITY (
    SEQUENCE NAME public.core_pressrelease_id_seq
    START WITH 1
    INCREMENT BY 1
    NO MINVALUE
    NO MAXVALUE
    CACHE 1
);


--
-- Name: core_video; Type: TABLE; Schema: public; Owner: election_user
--

CREATE TABLE public.core_video (
    id integer NOT NULL,
    title character varying(200) NOT NULL,
    youtube_url character varying(200) NOT NULL,
    thumbnail character varying(100),
    created_at timestamp with time zone NOT NULL,
    slug character varying(255) NOT NULL
);


ALTER TABLE public.core_video OWNER TO election_user;

--
-- Name: core_video_id_seq; Type: SEQUENCE; Schema: public; Owner: election_user
--

ALTER TABLE public.core_video ALTER COLUMN id ADD GENERATED BY DEFAULT AS IDENTITY (
    SEQUENCE NAME public.core_video_id_seq
    START WITH 1
    INCREMENT BY 1
    NO MINVALUE
    NO MAXVALUE
    CACHE 1
);


--
-- Name: django_admin_log; Type: TABLE; Schema: public; Owner: election_user
--

CREATE TABLE public.django_admin_log (
    id integer NOT NULL,
    action_time timestamp with time zone NOT NULL,
    object_id text,
    object_repr character varying(200) NOT NULL,
    action_flag smallint NOT NULL,
    change_message text NOT NULL,
    content_type_id integer,
    user_id integer NOT NULL,
    CONSTRAINT django_admin_log_action_flag_check CHECK ((action_flag >= 0))
);


ALTER TABLE public.django_admin_log OWNER TO election_user;

--
-- Name: django_admin_log_id_seq; Type: SEQUENCE; Schema: public; Owner: election_user
--

ALTER TABLE public.django_admin_log ALTER COLUMN id ADD GENERATED BY DEFAULT AS IDENTITY (
    SEQUENCE NAME public.django_admin_log_id_seq
    START WITH 1
    INCREMENT BY 1
    NO MINVALUE
    NO MAXVALUE
    CACHE 1
);


--
-- Name: django_content_type; Type: TABLE; Schema: public; Owner: election_user
--

CREATE TABLE public.django_content_type (
    id integer NOT NULL,
    app_label character varying(100) NOT NULL,
    model character varying(100) NOT NULL
);


ALTER TABLE public.django_content_type OWNER TO election_user;

--
-- Name: django_content_type_id_seq; Type: SEQUENCE; Schema: public; Owner: election_user
--

ALTER TABLE public.django_content_type ALTER COLUMN id ADD GENERATED BY DEFAULT AS IDENTITY (
    SEQUENCE NAME public.django_content_type_id_seq
    START WITH 1
    INCREMENT BY 1
    NO MINVALUE
    NO MAXVALUE
    CACHE 1
);


--
-- Name: django_migrations; Type: TABLE; Schema: public; Owner: election_user
--

CREATE TABLE public.django_migrations (
    id integer NOT NULL,
    app character varying(255) NOT NULL,
    name character varying(255) NOT NULL,
    applied timestamp with time zone NOT NULL
);


ALTER TABLE public.django_migrations OWNER TO election_user;

--
-- Name: django_migrations_id_seq; Type: SEQUENCE; Schema: public; Owner: election_user
--

ALTER TABLE public.django_migrations ALTER COLUMN id ADD GENERATED BY DEFAULT AS IDENTITY (
    SEQUENCE NAME public.django_migrations_id_seq
    START WITH 1
    INCREMENT BY 1
    NO MINVALUE
    NO MAXVALUE
    CACHE 1
);


--
-- Name: django_session; Type: TABLE; Schema: public; Owner: election_user
--

CREATE TABLE public.django_session (
    session_key character varying(40) NOT NULL,
    session_data text NOT NULL,
    expire_date timestamp with time zone NOT NULL
);


ALTER TABLE public.django_session OWNER TO election_user;

--
-- Data for Name: auth_group; Type: TABLE DATA; Schema: public; Owner: election_user
--

COPY public.auth_group (id, name) FROM stdin;
\.


--
-- Data for Name: auth_group_permissions; Type: TABLE DATA; Schema: public; Owner: election_user
--

COPY public.auth_group_permissions (id, group_id, permission_id) FROM stdin;
\.


--
-- Data for Name: auth_permission; Type: TABLE DATA; Schema: public; Owner: election_user
--

COPY public.auth_permission (id, name, content_type_id, codename) FROM stdin;
1	Can add log entry	1	add_logentry
2	Can change log entry	1	change_logentry
3	Can delete log entry	1	delete_logentry
4	Can view log entry	1	view_logentry
5	Can add permission	2	add_permission
6	Can change permission	2	change_permission
7	Can delete permission	2	delete_permission
8	Can view permission	2	view_permission
9	Can add group	3	add_group
10	Can change group	3	change_group
11	Can delete group	3	delete_group
12	Can view group	3	view_group
13	Can add user	4	add_user
14	Can change user	4	change_user
15	Can delete user	4	delete_user
16	Can view user	4	view_user
17	Can add content type	5	add_contenttype
18	Can change content type	5	change_contenttype
19	Can delete content type	5	delete_contenttype
20	Can view content type	5	view_contenttype
21	Can add session	6	add_session
22	Can change session	6	change_session
23	Can delete session	6	delete_session
24	Can view session	6	view_session
25	Can add event	7	add_event
26	Can change event	7	change_event
27	Can delete event	7	delete_event
28	Can view event	7	view_event
29	Can add press release	8	add_pressrelease
30	Can change press release	8	change_pressrelease
31	Can delete press release	8	delete_pressrelease
32	Can view press release	8	view_pressrelease
33	Can add video	9	add_video
34	Can change video	9	change_video
35	Can delete video	9	delete_video
36	Can view video	9	view_video
37	Can add যোগাযোগ বার্তা	10	add_contactmessage
38	Can change যোগাযোগ বার্তা	10	change_contactmessage
39	Can delete যোগাযোগ বার্তা	10	delete_contactmessage
40	Can view যোগাযোগ বার্তা	10	view_contactmessage
41	Can add captcha store	11	add_captchastore
42	Can change captcha store	11	change_captchastore
43	Can delete captcha store	11	delete_captchastore
44	Can view captcha store	11	view_captchastore
\.


--
-- Data for Name: auth_user; Type: TABLE DATA; Schema: public; Owner: election_user
--

COPY public.auth_user (id, password, last_login, is_superuser, username, first_name, last_name, email, is_staff, is_active, date_joined) FROM stdin;
1	pbkdf2_sha256$1000000$HkGnFdQOzAa7tv4a2t7GQY$6VhWgmmJ+9vc29dHo/EBY5x1zhoeN1EoIWLgOgSC+78=	2025-12-31 07:27:11.863217+00	t	admin			admin@gmail.com	t	t	2025-12-30 13:54:42.230874+00
\.


--
-- Data for Name: auth_user_groups; Type: TABLE DATA; Schema: public; Owner: election_user
--

COPY public.auth_user_groups (id, user_id, group_id) FROM stdin;
\.


--
-- Data for Name: auth_user_user_permissions; Type: TABLE DATA; Schema: public; Owner: election_user
--

COPY public.auth_user_user_permissions (id, user_id, permission_id) FROM stdin;
\.


--
-- Data for Name: captcha_captchastore; Type: TABLE DATA; Schema: public; Owner: election_user
--

COPY public.captcha_captchastore (id, challenge, response, hashkey, expiration) FROM stdin;
1	VKDB	vkdb	84a37a33ca6d661f4db3fd4b31785d77204ddb3f	2025-12-30 13:59:55.641805+00
2	ZWVN	zwvn	a65d2a24cf80b7156fe20e3d1c4111b18ddb9c8f	2025-12-31 03:43:41.581554+00
3	TDWP	tdwp	4629eeedb552bf4b42b3ff533314d413dbbc4f63	2025-12-31 07:12:28.112813+00
4	RICL	ricl	bc8f52517a8a78e6882c523675c572eba7f682be	2025-12-31 07:17:20.605166+00
5	UXJX	uxjx	d2dc02f7118187022cf15f40e1cbb0ac40d6c0d8	2025-12-31 07:41:56.391129+00
6	DOVW	dovw	422e5343e5bfadcac75f5e19cfa82e1d287d52a8	2025-12-31 08:26:30.52333+00
7	MZXJ	mzxj	672b61509ff7bf2be07631dcea252abb23892692	2025-12-31 08:26:44.547794+00
8	GUAP	guap	80733d7703e1c70d3ac3e56b814502889a5713d2	2025-12-31 08:26:46.311342+00
9	ZJKS	zjks	0dda66e02bdf82d2085e45ebea3df5787d06b3e9	2025-12-31 08:27:43.91814+00
10	EZRN	ezrn	d0fb2c1832519ee841c10b98c3b4ddbfb79ffcac	2025-12-31 08:28:12.950996+00
\.


--
-- Data for Name: core_contactmessage; Type: TABLE DATA; Schema: public; Owner: election_user
--

COPY public.core_contactmessage (id, name, email, phone, department, message, created_at, is_read) FROM stdin;
\.


--
-- Data for Name: core_event; Type: TABLE DATA; Schema: public; Owner: election_user
--

COPY public.core_event (id, title, date, location, description, image, slug) FROM stdin;
1	দেশনেত্রী বেগম খালেদা জিয়ার পরিপূর্ণ সুস্থতা কামনায় দোয়া মাহফিল	2025-12-13	সাতকানিয়া-লোহাগাড়া	আগামীকাল (১৩/১২/২৫) রোজ শনিবার বিকাল ৪ ঘটিকায় লোহাগাড়া ড. কর্ণেল (অবঃ) অলি আহমদ বীর বিক্রম স্টেডিয়ামে বাংলাদেশ জাতীয়তাবাদী দল (বিএনপি)-এর চেয়ারপার্সন ও তিনবারের সাবেক প্রধানমন্ত্রী, দেশনেত্রী বেগম খালেদা জিয়ার পরিপূর্ণ সুস্থতা কামনায় এক দোয়া মাহফিল অনুষ্ঠিত হবে।\r\n\r\nউক্ত দোয়া মাহফিলে বিএনপির বিভিন্ন পর্যায়ের নেতৃবৃন্দ, অঙ্গ ও সহযোগী সংগঠনের নেতাকর্মীসহ সর্বস্তরের ধর্মপ্রাণ মুসলমানদের উপস্থিত থাকার জন্য অনুরোধ জানানো হচ্ছে। দোয়া মাহফিলে মহান আল্লাহ তায়ালার দরবারে দেশনেত্রী বেগম খালেদা জিয়ার দ্রুত আরোগ্য ও সুস্থ জীবন কামনা করা হবে।\r\n\r\nদোয়া মাহফিলের মাধ্যমে দেশনেত্রীর প্রতি ভালোবাসা, শ্রদ্ধা ও সমর্থন প্রকাশের পাশাপাশি দেশ ও জাতির কল্যাণ কামনায় বিশেষ মোনাজাত অনুষ্ঠিত হবে। সকল নেতাকর্মী ও শুভানুধ্যায়ীদের যথাসময়ে উপস্থিত থেকে দোয়া মাহফিল সফল করার জন্য বিশেষভাবে আহ্বান জানানো হচ্ছে।	events/597341511_122175474302471959_1513255470746857804_n.jpg	দেশনেত্রী-বেগম-খালেদা-জিয়ার-পরিপূর্ণ-সুস্থতা-কামনায়-দোয়া-মাহফিল
2	মহান বিজয় দিবস উপলক্ষে বিএনপির বর্ণাঢ্য র‍্যালি	2025-12-16	আমিরাবাদ ইউনিয়ন পরিষদ (বোর্ড অফিস) প্রাঙ্গণ	মহান বিজয় দিবস উপলক্ষে আগামীকাল রোজ মঙ্গলবার, ১৬ ডিসেম্বর দুপুর ২টায় বাংলাদেশ জাতীয়তাবাদী দল (বিএনপি) ও অঙ্গ-সহযোগী সংগঠনের উদ্যোগে আমিরাবাদ ইউনিয়ন পরিষদ (বোর্ড অফিস) প্রাঙ্গণ থেকে এক বর্ণাঢ্য র‍্যালি অনুষ্ঠিত হবে।\r\n\r\nসম্মানিত নেতাকর্মী ও এলাকাবাসীকে যথাসময়ে উপস্থিত থাকার জন্য আন্তরিকভাবে আহ্বান জানানো যাচ্ছে।\r\nআসুন, শহীদদের প্রতি গভীর শ্রদ্ধা জানিয়ে মহান বিজয়ের চেতনাকে হৃদয়ে ধারণ করি।	events/598284232_122175783902471959_1467670199359702647_n_exUep4i.jpg	মহান-বিজয়-দিবস-উপলক্ষে-বিএনপির-বর্ণাঢ্য-র্যালি
3	জুলাই-আগস্ট গণঅভ্যুত্থানের শোক ও বিজয় বর্ষপূর্তি উপলক্ষে	2025-08-05	বটতলী শহর গেইট, লোহাগাড়া	বিসমিল্লাহির রাহমানির রাহিম\r\n\r\nপ্রিয় লোহাগাড়াবাসী,\r\nবাংলাদেশ জাতীয়তাবাদী দল—বিএনপি’র পক্ষ থেকে আপনাদের জানাই বিপ্লবী শুভেচ্ছা।\r\n\r\nআজ একটি গৌরবময় দিন, একটি ঐতিহাসিক মুহূর্ত।\r\nবিজয়ের এই দিন শুধু ক্যালেন্ডারের একটি তারিখ নয়—\r\nএটি একটি চেতনা, একটি সাহসিকতার গল্প,\r\nএটি হাজারো শহীদের আত্মত্যাগের গর্বিত স্মৃতি।\r\n\r\nএই বিজয়ের দিনটি স্মরণে\r\nলোহাগাড়া উপজেলা বিএনপির উদ্যোগে আয়োজিত বিজয় মিছিলে\r\nসামিল হওয়ার জন্য সর্বস্তরের দেশপ্রেমিক জনগণ,\r\nতরুণ প্রজন্ম এবং আমাদের সাহসী নেতা-কর্মীদের\r\nউদাত্ত আহ্বান জানাচ্ছি।\r\n\r\nএসো, বিজয়ের পতাকা নিয়ে রাস্তায় নামি,\r\nস্বাধীনতার মূল্য রক্ষায় শপথ করি।\r\nগণতন্ত্রের প্রতীক ধানের শীষের পক্ষে কণ্ঠ তুলে ধরি।\r\n\r\nবিএনপির নেতৃত্বে\r\nআবার ফিরিয়ে আনবো মানুষের অধিকার,\r\nভোটের অধিকার,\r\nকথা বলার স্বাধীনতা।\r\n\r\nচলো, বিজয়ের মিছিলে শামিল হই।\r\nচলো, আবারও গড়ে তুলি দেশপ্রেমিক গণঐক্য।\r\n\r\nনাজমুল মোস্তফা আমিন\r\nআহ্বায়ক কমিটির সদস্য\r\nচট্টগ্রাম দক্ষিণ জেলা বিএনপি\r\nসাবেক আহ্বায়ক\r\nলোহাগাড়া উপজেলা বিএনপি	events/banner_robtCpS.jpg	জুলাই-আগস্ট-গণঅভ্যুত্থানের-শোক-ও-বিজয়-বর্ষপূর্তি-উপলক্ষে
\.


--
-- Data for Name: core_pressrelease; Type: TABLE DATA; Schema: public; Owner: election_user
--

COPY public.core_pressrelease (id, title, date, category, summary, content, document, image, slug) FROM stdin;
1	আপোষহীন দেশনেত্রী বেগম খালেদা জিয়ার মৃত্যুতে চট্টগ্রাম-১৫ (সাতকানিয়া-লোহাগাড়া) বাংলাদেশ জাতীয়তাবাদী দল বিএনপি মনোনীত প্রার্থী জননেতা জনাব নাজমুল মোস্তফা আমিনের শোক প্রকাশ	2025-12-30	শোক বার্তা	আপোষহীন দেশনেত্রী, সাবেক প্রধানমন্ত্রী ও বিএনপির চেয়ারপারসন বেগম খালেদা জিয়ার ইন্তেকালে গভীর শোক প্রকাশ করেছেন চট্টগ্রাম-১৫ (সাতকানিয়া–লোহাগাড়া) আসনের বাংলাদেশ জাতীয়তাবাদী দল (বিএনপি) মনোনীত প্রার্থী জননেতা জনাব নাজমুল মোস্তফা আমিন। তিনি মরহুমার রুহের মাগফিরাত কামনা এবং শোকসন্তপ্ত পরিবারের প্রতি সমবেদনা জানান।	আপোষহীন দেশনেত্রী, সাবেক প্রধানমন্ত্রী ও বাংলাদেশ জাতীয়তাবাদী দল (বিএনপি)-এর চেয়ারপারসন বেগম খালেদা জিয়ার ইন্তেকালে চট্টগ্রাম-১৫ (সাতকানিয়া–লোহাগাড়া) আসনের বিএনপি মনোনীত প্রার্থী জননেতা জনাব নাজমুল মোস্তফা আমিন গভীর শোক প্রকাশ করেছেন।\r\n\r\nএক শোকবার্তায় তিনি বলেন, বেগম খালেদা জিয়া ছিলেন গণতন্ত্র, স্বাধীনতা ও সার্বভৌমত্ব রক্ষার এক আপসহীন নেত্রী। স্বৈরাচার ও ফ্যাসিবাদের বিরুদ্ধে তাঁর আজীবন সংগ্রাম বাংলাদেশের গণতান্ত্রিক আন্দোলনের ইতিহাসে অবিস্মরণীয় হয়ে থাকবে।\r\n\r\nতিনি মরহুমার রুহের মাগফিরাত কামনা করে মহান আল্লাহ তায়ালার দরবারে দোয়া করেন এবং শোকসন্তপ্ত পরিবার, বিএনপির নেতাকর্মী ও দেশবাসীর প্রতি গভীর সমবেদনা জানান।\r\n\r\nনাজমুল মোস্তফা আমিন আরও বলেন, দেশনেত্রী বেগম খালেদা জিয়ার আদর্শ, ত্যাগ ও নেতৃত্ব ভবিষ্যৎ প্রজন্মের জন্য অনুপ্রেরণার উৎস হয়ে থাকবে। তাঁর মৃত্যুতে জাতি একজন সাহসী ও আপসহীন নেত্রীকে হারাল।		press_releases/images/602438999_122177356436471959_7319159045794569220_n.jpg	আপোষহীন-দেশনেত্রী-বেগম-খালেদা-জিয়ার-মৃত্যুতে-চট্টগ্রাম-১৫-সাতকানিয়া-লোহাগাড়া-বাংলাদেশ-জাতীয়তাবাদী-দল-বিএনপি-মনোনীত-প্রার্থী-জননেতা-জনাব-নাজমুল-মোস্তফা-আমিনের-শোক-প্রকাশ
2	চট্টগ্রাম-১৫ আসনে বিএনপি প্রার্থী নাজমুল মোস্তফা আমিনের মনোনয়নপত্র জমা	2025-12-29	নির্বাচন	আসন্ন ত্রয়োদশ জাতীয় সংসদ নির্বাচনে চট্টগ্রাম-১৫ (সাতকানিয়া–লোহাগাড়া) আসনে বিএনপি মনোনীত ধানের শীষ প্রার্থী জনাব নাজমুল মোস্তফা আমিন জেলা রিটার্নিং অফিসার ও জেলা প্রশাসকের কাছে মনোনয়নপত্র জমা দিয়েছেন।	সোমবার, ২৯ ডিসেম্বর ২০২৫ তারিখে আসন্ন ত্রয়োদশ জাতীয় সংসদ নির্বাচনে চট্টগ্রাম-১৫ (সাতকানিয়া–লোহাগাড়া) সংসদীয় আসনে বাংলাদেশ জাতীয়তাবাদী দল (বিএনপি) মনোনীত ধানের শীষ প্রার্থী জনাব নাজমুল মোস্তফা আমিন জেলা রিটার্নিং অফিসার ও জেলা প্রশাসক জনাব মোহাম্মদ জাহিদুল ইসলাম মিঞার নিকট আনুষ্ঠানিকভাবে তাঁর মনোনয়নপত্র জমা দেন।\r\n\r\nমনোনয়নপত্র দাখিলকালে বিএনপির বিভিন্ন পর্যায়ের নেতৃবৃন্দ, অঙ্গ ও সহযোগী সংগঠনের নেতাকর্মীরা উপস্থিত ছিলেন। এ সময় নাজমুল মোস্তফা আমিন বলেন, জনগণের ভোটাধিকার পুনঃপ্রতিষ্ঠা, গণতন্ত্র ও সুশাসন নিশ্চিত করাই তাঁর নির্বাচনে অংশগ্রহণের মূল লক্ষ্য। তিনি চট্টগ্রাম-১৫ আসনের সর্বস্তরের জনগণের দোয়া ও সমর্থন কামনা করেন।		press_releases/images/607075996_122177204672471959_2571549136750057289_n.jpg	চট্টগ্রাম-১৫-আসনে-বিএনপি-প্রার্থী-নাজমুল-মোস্তফা-আমিনের-মনোনয়নপত্র-জমা
3	লোহাগাড়া সমিতি-চট্টগ্রামের নেতৃবৃন্দের সঙ্গে নাজমুল মোস্তফা আমিনের মতবিনিময়	2025-12-28	রাজনৈতিক কর্মসূচি	আসন্ন ত্রয়োদশ জাতীয় সংসদ নির্বাচনে বিএনপি মনোনীত চট্টগ্রাম-১৫ (সাতকানিয়া–লোহাগাড়া) আসনের ধানের শীষের সংসদ সদস্য পদপ্রার্থী জননেতা জনাব নাজমুল মোস্তফা আমিন লোহাগাড়া সমিতি-চট্টগ্রামের নেতৃবৃন্দের সঙ্গে এক মতবিনিময় সভায় বক্তব্য প্রদান করেন।	২৮ ডিসেম্বর ২০২৫, রবিবার লোহাগাড়া সমিতি-চট্টগ্রামের নেতৃবৃন্দের সঙ্গে নগরীর কাজীর দেওরীস্থ সমিতির স্থায়ী কার্যালয়ে এক মতবিনিময় সভা অনুষ্ঠিত হয়।\r\n\r\nউক্ত সভায় আসন্ন ত্রয়োদশ জাতীয় সংসদ নির্বাচনে বাংলাদেশ জাতীয়তাবাদী দল (বিএনপি) মনোনীত চট্টগ্রাম-১৫ (সাতকানিয়া–লোহাগাড়া) সংসদীয় আসনের ধানের শীষের সংসদ সদস্য পদপ্রার্থী এবং লোহাগাড়া সমিতি-চট্টগ্রামের সাবেক সাধারণ সম্পাদক জননেতা জনাব নাজমুল মোস্তফা আমিন বক্তব্য প্রদান করেন।\r\n\r\nবক্তব্যে তিনি বলেন, জনগণের অধিকার প্রতিষ্ঠা, গণতন্ত্র পুনঃপ্রতিষ্ঠা এবং এলাকার সার্বিক উন্নয়নের লক্ষ্যে সবাইকে ঐক্যবদ্ধভাবে কাজ করতে হবে। তিনি লোহাগাড়া সমিতি-চট্টগ্রামের নেতৃবৃন্দের সহযোগিতা ও দোয়া কামনা করেন।\r\n\r\nমতবিনিময় সভায় সমিতির নেতৃবৃন্দ আসন্ন নির্বাচনে গণতন্ত্রকামী শক্তির পক্ষে ঐক্যবদ্ধ থাকার প্রত্যয় ব্যক্ত করেন এবং সভাটি সৌহার্দ্যপূর্ণ পরিবেশে সম্পন্ন হয়।		press_releases/images/603919184_122177133212471959_2923417012950881762_n.jpg	লোহাগাড়া-সমিতি-চট্টগ্রামের-নেতৃবৃন্দের-সঙ্গে-নাজমুল-মোস্তফা-আমিনের-মতবিনিময়
\.


--
-- Data for Name: core_video; Type: TABLE DATA; Schema: public; Owner: election_user
--

COPY public.core_video (id, title, youtube_url, thumbnail, created_at, slug) FROM stdin;
1	চুনতি সীরাত মাহফিলে বক্তব্য রাখেন, লোহাগাড়া উপজেলা বিএনপির আহবায়ক,  নাজমুল মোস্তফা আমিন	https://www.youtube.com/watch?v=TkCIgI74970		2025-12-31 07:51:01.819318+00	চুনতি-সীরাত-মাহফিলে-বক্তব্য-রাখেন-লোহাগাড়া-উপজেলা-বিএনপির-আহবায়ক-নাজমুল-মোস্তফা-আমিন
2	পুষ্পমাল্য অর্পণ শেষে বক্তব্য রাখছেন লোহাগাড়া উপজেলা বিএনপির আহবায়ক নাজমুল মোস্তফা আমিন|	https://www.youtube.com/watch?v=S4EI_YejCN8		2025-12-31 07:56:21.525512+00	পুষ্পমাল্য-অর্পণ-শেষে-বক্তব্য-রাখছেন-লোহাগাড়া-উপজেলা-বিএনপির-আহবায়ক-নাজমুল-মোস্তফা-আমিন
3	মনোনয়নপত্র জমা দিয়ে যা বললেন চট্টগ্রাম-১৫ আসনে বিএনপির প্রার্থী নাজমুল মোস্তফা আমিন	https://www.youtube.com/watch?v=YeX3NAS5BOs		2025-12-31 07:57:11.745816+00	মনোনয়নপত্র-জমা-দিয়ে-যা-বললেন-চট্টগ্রাম-১৫-আসনে-বিএনপির-প্রার্থী-নাজমুল-মোস্তফা-আমিন
\.


--
-- Data for Name: django_admin_log; Type: TABLE DATA; Schema: public; Owner: election_user
--

COPY public.django_admin_log (id, action_time, object_id, object_repr, action_flag, change_message, content_type_id, user_id) FROM stdin;
1	2025-12-31 07:28:29.444338+00	1	আপোষহীন দেশনেত্রী বেগম খালেদা জিয়ার মৃত্যুতে চট্টগ্রাম-১৫ (সাতকানিয়া-লোহাগাড়া) বাংলাদেশ জাতীয়তাবাদী দল বিএনপি মনোনীত প্রার্থী জননেতা জনাব নাজমুল মোস্তফা আমিনের শোক প্রকাশ	1	[{"added": {}}]	8	1
2	2025-12-31 07:36:04.498862+00	1	দেশনেত্রী বেগম খালেদা জিয়ার পরিপূর্ণ সুস্থতা কামনায় দোয়া মাহফিল	1	[{"added": {}}]	7	1
3	2025-12-31 07:51:01.822521+00	1	চুনতি সীরাত মাহফিলে বক্তব্য রাখেন, লোহাগাড়া উপজেলা বিএনপির আহবায়ক,  নাজমুল মোস্তফা আমিন	1	[{"added": {}}]	9	1
4	2025-12-31 07:56:21.526884+00	2	পুষ্পমাল্য অর্পণ শেষে বক্তব্য রাখছেন লোহাগাড়া উপজেলা বিএনপির আহবায়ক নাজমুল মোস্তফা আমিন|	1	[{"added": {}}]	9	1
5	2025-12-31 07:57:11.747467+00	3	মনোনয়নপত্র জমা দিয়ে যা বললেন চট্টগ্রাম-১৫ আসনে বিএনপির প্রার্থী নাজমুল মোস্তফা আমিন	1	[{"added": {}}]	9	1
6	2025-12-31 08:07:52.632788+00	2	চট্টগ্রাম-১৫ আসনে বিএনপি প্রার্থী নাজমুল মোস্তফা আমিনের মনোনয়নপত্র জমা	1	[{"added": {}}]	8	1
7	2025-12-31 08:09:16.119889+00	3	লোহাগাড়া সমিতি-চট্টগ্রামের নেতৃবৃন্দের সঙ্গে নাজমুল মোস্তফা আমিনের মতবিনিময়	1	[{"added": {}}]	8	1
8	2025-12-31 08:14:25.416863+00	2	মহান বিজয় দিবস উপলক্ষে বিএনপির বর্ণাঢ্য র‍্যালি	1	[{"added": {}}]	7	1
9	2025-12-31 08:27:46.587406+00	3	জুলাই-আগস্ট গণঅভ্যুত্থানের শোক ও বিজয় বর্ষপূর্তি উপলক্ষে	1	[{"added": {}}]	7	1
10	2025-12-31 08:40:28.824773+00	2	মহান বিজয় দিবস উপলক্ষে বিএনপির বর্ণাঢ্য র‍্যালি	2	[{"changed": {"fields": ["Image", "Slug"]}}]	7	1
11	2025-12-31 08:41:06.965271+00	2	মহান বিজয় দিবস উপলক্ষে বিএনপির বর্ণাঢ্য র‍্যালি	2	[{"changed": {"fields": ["Image", "Slug"]}}]	7	1
12	2025-12-31 08:41:19.767924+00	3	জুলাই-আগস্ট গণঅভ্যুত্থানের শোক ও বিজয় বর্ষপূর্তি উপলক্ষে	2	[{"changed": {"fields": ["Image", "Slug"]}}]	7	1
\.


--
-- Data for Name: django_content_type; Type: TABLE DATA; Schema: public; Owner: election_user
--

COPY public.django_content_type (id, app_label, model) FROM stdin;
1	admin	logentry
2	auth	permission
3	auth	group
4	auth	user
5	contenttypes	contenttype
6	sessions	session
7	core	event
8	core	pressrelease
9	core	video
10	core	contactmessage
11	captcha	captchastore
\.


--
-- Data for Name: django_migrations; Type: TABLE DATA; Schema: public; Owner: election_user
--

COPY public.django_migrations (id, app, name, applied) FROM stdin;
1	contenttypes	0001_initial	2025-12-30 13:53:44.336051+00
2	auth	0001_initial	2025-12-30 13:53:44.429984+00
3	admin	0001_initial	2025-12-30 13:53:44.458665+00
4	admin	0002_logentry_remove_auto_add	2025-12-30 13:53:44.467237+00
5	admin	0003_logentry_add_action_flag_choices	2025-12-30 13:53:44.474559+00
6	contenttypes	0002_remove_content_type_name	2025-12-30 13:53:44.489821+00
7	auth	0002_alter_permission_name_max_length	2025-12-30 13:53:44.497655+00
8	auth	0003_alter_user_email_max_length	2025-12-30 13:53:44.504953+00
9	auth	0004_alter_user_username_opts	2025-12-30 13:53:44.510911+00
10	auth	0005_alter_user_last_login_null	2025-12-30 13:53:44.517325+00
11	auth	0006_require_contenttypes_0002	2025-12-30 13:53:44.518578+00
12	auth	0007_alter_validators_add_error_messages	2025-12-30 13:53:44.523234+00
13	auth	0008_alter_user_username_max_length	2025-12-30 13:53:44.538379+00
14	auth	0009_alter_user_last_name_max_length	2025-12-30 13:53:44.545271+00
15	auth	0010_alter_group_name_max_length	2025-12-30 13:53:44.553653+00
16	auth	0011_update_proxy_permissions	2025-12-30 13:53:44.559457+00
17	auth	0012_alter_user_first_name_max_length	2025-12-30 13:53:44.565887+00
18	captcha	0001_initial	2025-12-30 13:53:44.578463+00
19	captcha	0002_alter_captchastore_id	2025-12-30 13:53:44.581649+00
20	core	0001_initial	2025-12-30 13:53:44.611717+00
21	core	0002_contactmessage	2025-12-30 13:53:44.621973+00
22	core	0003_event_slug_pressrelease_slug_video_slug_and_more	2025-12-30 13:53:44.705002+00
23	core	0004_populate_slugs	2025-12-30 13:53:44.716941+00
24	core	0005_alter_event_slug_alter_pressrelease_slug_and_more	2025-12-30 13:53:44.72696+00
25	core	0006_alter_event_image_alter_video_thumbnail	2025-12-30 13:53:44.731187+00
26	sessions	0001_initial	2025-12-30 13:53:44.74497+00
27	core	0007_alter_event_options_alter_pressrelease_options_and_more	2025-12-31 08:03:33.53541+00
\.


--
-- Data for Name: django_session; Type: TABLE DATA; Schema: public; Owner: election_user
--

COPY public.django_session (session_key, session_data, expire_date) FROM stdin;
4g5tr3o0srnfr8b4m2s3tuj79bag6fye	.eJxVjDsOwjAQBe_iGlm28ZeSPmew1rtrHECJFCcV4u4QKQW0b2beS2TY1pa3zkseSVyEFqffrQA-eNoB3WG6zRLnaV3GIndFHrTLYSZ-Xg_376BBb9_aaI1U0DKUEABYRVcdVDbJFCIPdI7Ja4zItqpELoElKgkVBpuUD-L9ARkVOPY:1vaqbv:zjldOJqa9U6EoPnvkT5-2CGzrVK-sWlnvhVGBiShll0	2026-01-14 07:27:11.870433+00
\.


--
-- Name: auth_group_id_seq; Type: SEQUENCE SET; Schema: public; Owner: election_user
--

SELECT pg_catalog.setval('public.auth_group_id_seq', 1, false);


--
-- Name: auth_group_permissions_id_seq; Type: SEQUENCE SET; Schema: public; Owner: election_user
--

SELECT pg_catalog.setval('public.auth_group_permissions_id_seq', 1, false);


--
-- Name: auth_permission_id_seq; Type: SEQUENCE SET; Schema: public; Owner: election_user
--

SELECT pg_catalog.setval('public.auth_permission_id_seq', 44, true);


--
-- Name: auth_user_groups_id_seq; Type: SEQUENCE SET; Schema: public; Owner: election_user
--

SELECT pg_catalog.setval('public.auth_user_groups_id_seq', 1, false);


--
-- Name: auth_user_id_seq; Type: SEQUENCE SET; Schema: public; Owner: election_user
--

SELECT pg_catalog.setval('public.auth_user_id_seq', 1, true);


--
-- Name: auth_user_user_permissions_id_seq; Type: SEQUENCE SET; Schema: public; Owner: election_user
--

SELECT pg_catalog.setval('public.auth_user_user_permissions_id_seq', 1, false);


--
-- Name: captcha_captchastore_id_seq; Type: SEQUENCE SET; Schema: public; Owner: election_user
--

SELECT pg_catalog.setval('public.captcha_captchastore_id_seq', 10, true);


--
-- Name: core_contactmessage_id_seq; Type: SEQUENCE SET; Schema: public; Owner: election_user
--

SELECT pg_catalog.setval('public.core_contactmessage_id_seq', 1, false);


--
-- Name: core_event_id_seq; Type: SEQUENCE SET; Schema: public; Owner: election_user
--

SELECT pg_catalog.setval('public.core_event_id_seq', 3, true);


--
-- Name: core_pressrelease_id_seq; Type: SEQUENCE SET; Schema: public; Owner: election_user
--

SELECT pg_catalog.setval('public.core_pressrelease_id_seq', 3, true);


--
-- Name: core_video_id_seq; Type: SEQUENCE SET; Schema: public; Owner: election_user
--

SELECT pg_catalog.setval('public.core_video_id_seq', 3, true);


--
-- Name: django_admin_log_id_seq; Type: SEQUENCE SET; Schema: public; Owner: election_user
--

SELECT pg_catalog.setval('public.django_admin_log_id_seq', 12, true);


--
-- Name: django_content_type_id_seq; Type: SEQUENCE SET; Schema: public; Owner: election_user
--

SELECT pg_catalog.setval('public.django_content_type_id_seq', 11, true);


--
-- Name: django_migrations_id_seq; Type: SEQUENCE SET; Schema: public; Owner: election_user
--

SELECT pg_catalog.setval('public.django_migrations_id_seq', 27, true);


--
-- Name: auth_group auth_group_name_key; Type: CONSTRAINT; Schema: public; Owner: election_user
--

ALTER TABLE ONLY public.auth_group
    ADD CONSTRAINT auth_group_name_key UNIQUE (name);


--
-- Name: auth_group_permissions auth_group_permissions_group_id_permission_id_0cd325b0_uniq; Type: CONSTRAINT; Schema: public; Owner: election_user
--

ALTER TABLE ONLY public.auth_group_permissions
    ADD CONSTRAINT auth_group_permissions_group_id_permission_id_0cd325b0_uniq UNIQUE (group_id, permission_id);


--
-- Name: auth_group_permissions auth_group_permissions_pkey; Type: CONSTRAINT; Schema: public; Owner: election_user
--

ALTER TABLE ONLY public.auth_group_permissions
    ADD CONSTRAINT auth_group_permissions_pkey PRIMARY KEY (id);


--
-- Name: auth_group auth_group_pkey; Type: CONSTRAINT; Schema: public; Owner: election_user
--

ALTER TABLE ONLY public.auth_group
    ADD CONSTRAINT auth_group_pkey PRIMARY KEY (id);


--
-- Name: auth_permission auth_permission_content_type_id_codename_01ab375a_uniq; Type: CONSTRAINT; Schema: public; Owner: election_user
--

ALTER TABLE ONLY public.auth_permission
    ADD CONSTRAINT auth_permission_content_type_id_codename_01ab375a_uniq UNIQUE (content_type_id, codename);


--
-- Name: auth_permission auth_permission_pkey; Type: CONSTRAINT; Schema: public; Owner: election_user
--

ALTER TABLE ONLY public.auth_permission
    ADD CONSTRAINT auth_permission_pkey PRIMARY KEY (id);


--
-- Name: auth_user_groups auth_user_groups_pkey; Type: CONSTRAINT; Schema: public; Owner: election_user
--

ALTER TABLE ONLY public.auth_user_groups
    ADD CONSTRAINT auth_user_groups_pkey PRIMARY KEY (id);


--
-- Name: auth_user_groups auth_user_groups_user_id_group_id_94350c0c_uniq; Type: CONSTRAINT; Schema: public; Owner: election_user
--

ALTER TABLE ONLY public.auth_user_groups
    ADD CONSTRAINT auth_user_groups_user_id_group_id_94350c0c_uniq UNIQUE (user_id, group_id);


--
-- Name: auth_user auth_user_pkey; Type: CONSTRAINT; Schema: public; Owner: election_user
--

ALTER TABLE ONLY public.auth_user
    ADD CONSTRAINT auth_user_pkey PRIMARY KEY (id);


--
-- Name: auth_user_user_permissions auth_user_user_permissions_pkey; Type: CONSTRAINT; Schema: public; Owner: election_user
--

ALTER TABLE ONLY public.auth_user_user_permissions
    ADD CONSTRAINT auth_user_user_permissions_pkey PRIMARY KEY (id);


--
-- Name: auth_user_user_permissions auth_user_user_permissions_user_id_permission_id_14a6b632_uniq; Type: CONSTRAINT; Schema: public; Owner: election_user
--

ALTER TABLE ONLY public.auth_user_user_permissions
    ADD CONSTRAINT auth_user_user_permissions_user_id_permission_id_14a6b632_uniq UNIQUE (user_id, permission_id);


--
-- Name: auth_user auth_user_username_key; Type: CONSTRAINT; Schema: public; Owner: election_user
--

ALTER TABLE ONLY public.auth_user
    ADD CONSTRAINT auth_user_username_key UNIQUE (username);


--
-- Name: captcha_captchastore captcha_captchastore_hashkey_key; Type: CONSTRAINT; Schema: public; Owner: election_user
--

ALTER TABLE ONLY public.captcha_captchastore
    ADD CONSTRAINT captcha_captchastore_hashkey_key UNIQUE (hashkey);


--
-- Name: captcha_captchastore captcha_captchastore_pkey; Type: CONSTRAINT; Schema: public; Owner: election_user
--

ALTER TABLE ONLY public.captcha_captchastore
    ADD CONSTRAINT captcha_captchastore_pkey PRIMARY KEY (id);


--
-- Name: core_contactmessage core_contactmessage_pkey; Type: CONSTRAINT; Schema: public; Owner: election_user
--

ALTER TABLE ONLY public.core_contactmessage
    ADD CONSTRAINT core_contactmessage_pkey PRIMARY KEY (id);


--
-- Name: core_event core_event_pkey; Type: CONSTRAINT; Schema: public; Owner: election_user
--

ALTER TABLE ONLY public.core_event
    ADD CONSTRAINT core_event_pkey PRIMARY KEY (id);


--
-- Name: core_event core_event_slug_key; Type: CONSTRAINT; Schema: public; Owner: election_user
--

ALTER TABLE ONLY public.core_event
    ADD CONSTRAINT core_event_slug_key UNIQUE (slug);


--
-- Name: core_pressrelease core_pressrelease_pkey; Type: CONSTRAINT; Schema: public; Owner: election_user
--

ALTER TABLE ONLY public.core_pressrelease
    ADD CONSTRAINT core_pressrelease_pkey PRIMARY KEY (id);


--
-- Name: core_pressrelease core_pressrelease_slug_key; Type: CONSTRAINT; Schema: public; Owner: election_user
--

ALTER TABLE ONLY public.core_pressrelease
    ADD CONSTRAINT core_pressrelease_slug_key UNIQUE (slug);


--
-- Name: core_video core_video_pkey; Type: CONSTRAINT; Schema: public; Owner: election_user
--

ALTER TABLE ONLY public.core_video
    ADD CONSTRAINT core_video_pkey PRIMARY KEY (id);


--
-- Name: core_video core_video_slug_key; Type: CONSTRAINT; Schema: public; Owner: election_user
--

ALTER TABLE ONLY public.core_video
    ADD CONSTRAINT core_video_slug_key UNIQUE (slug);


--
-- Name: django_admin_log django_admin_log_pkey; Type: CONSTRAINT; Schema: public; Owner: election_user
--

ALTER TABLE ONLY public.django_admin_log
    ADD CONSTRAINT django_admin_log_pkey PRIMARY KEY (id);


--
-- Name: django_content_type django_content_type_app_label_model_76bd3d3b_uniq; Type: CONSTRAINT; Schema: public; Owner: election_user
--

ALTER TABLE ONLY public.django_content_type
    ADD CONSTRAINT django_content_type_app_label_model_76bd3d3b_uniq UNIQUE (app_label, model);


--
-- Name: django_content_type django_content_type_pkey; Type: CONSTRAINT; Schema: public; Owner: election_user
--

ALTER TABLE ONLY public.django_content_type
    ADD CONSTRAINT django_content_type_pkey PRIMARY KEY (id);


--
-- Name: django_migrations django_migrations_pkey; Type: CONSTRAINT; Schema: public; Owner: election_user
--

ALTER TABLE ONLY public.django_migrations
    ADD CONSTRAINT django_migrations_pkey PRIMARY KEY (id);


--
-- Name: django_session django_session_pkey; Type: CONSTRAINT; Schema: public; Owner: election_user
--

ALTER TABLE ONLY public.django_session
    ADD CONSTRAINT django_session_pkey PRIMARY KEY (session_key);


--
-- Name: auth_group_name_a6ea08ec_like; Type: INDEX; Schema: public; Owner: election_user
--

CREATE INDEX auth_group_name_a6ea08ec_like ON public.auth_group USING btree (name varchar_pattern_ops);


--
-- Name: auth_group_permissions_group_id_b120cbf9; Type: INDEX; Schema: public; Owner: election_user
--

CREATE INDEX auth_group_permissions_group_id_b120cbf9 ON public.auth_group_permissions USING btree (group_id);


--
-- Name: auth_group_permissions_permission_id_84c5c92e; Type: INDEX; Schema: public; Owner: election_user
--

CREATE INDEX auth_group_permissions_permission_id_84c5c92e ON public.auth_group_permissions USING btree (permission_id);


--
-- Name: auth_permission_content_type_id_2f476e4b; Type: INDEX; Schema: public; Owner: election_user
--

CREATE INDEX auth_permission_content_type_id_2f476e4b ON public.auth_permission USING btree (content_type_id);


--
-- Name: auth_user_groups_group_id_97559544; Type: INDEX; Schema: public; Owner: election_user
--

CREATE INDEX auth_user_groups_group_id_97559544 ON public.auth_user_groups USING btree (group_id);


--
-- Name: auth_user_groups_user_id_6a12ed8b; Type: INDEX; Schema: public; Owner: election_user
--

CREATE INDEX auth_user_groups_user_id_6a12ed8b ON public.auth_user_groups USING btree (user_id);


--
-- Name: auth_user_user_permissions_permission_id_1fbb5f2c; Type: INDEX; Schema: public; Owner: election_user
--

CREATE INDEX auth_user_user_permissions_permission_id_1fbb5f2c ON public.auth_user_user_permissions USING btree (permission_id);


--
-- Name: auth_user_user_permissions_user_id_a95ead1b; Type: INDEX; Schema: public; Owner: election_user
--

CREATE INDEX auth_user_user_permissions_user_id_a95ead1b ON public.auth_user_user_permissions USING btree (user_id);


--
-- Name: auth_user_username_6821ab7c_like; Type: INDEX; Schema: public; Owner: election_user
--

CREATE INDEX auth_user_username_6821ab7c_like ON public.auth_user USING btree (username varchar_pattern_ops);


--
-- Name: captcha_captchastore_hashkey_cbe8d15a_like; Type: INDEX; Schema: public; Owner: election_user
--

CREATE INDEX captcha_captchastore_hashkey_cbe8d15a_like ON public.captcha_captchastore USING btree (hashkey varchar_pattern_ops);


--
-- Name: core_event_slug_cb4996eb_like; Type: INDEX; Schema: public; Owner: election_user
--

CREATE INDEX core_event_slug_cb4996eb_like ON public.core_event USING btree (slug varchar_pattern_ops);


--
-- Name: core_pressrelease_slug_7ed46432_like; Type: INDEX; Schema: public; Owner: election_user
--

CREATE INDEX core_pressrelease_slug_7ed46432_like ON public.core_pressrelease USING btree (slug varchar_pattern_ops);


--
-- Name: core_video_slug_7d268743_like; Type: INDEX; Schema: public; Owner: election_user
--

CREATE INDEX core_video_slug_7d268743_like ON public.core_video USING btree (slug varchar_pattern_ops);


--
-- Name: django_admin_log_content_type_id_c4bce8eb; Type: INDEX; Schema: public; Owner: election_user
--

CREATE INDEX django_admin_log_content_type_id_c4bce8eb ON public.django_admin_log USING btree (content_type_id);


--
-- Name: django_admin_log_user_id_c564eba6; Type: INDEX; Schema: public; Owner: election_user
--

CREATE INDEX django_admin_log_user_id_c564eba6 ON public.django_admin_log USING btree (user_id);


--
-- Name: django_session_expire_date_a5c62663; Type: INDEX; Schema: public; Owner: election_user
--

CREATE INDEX django_session_expire_date_a5c62663 ON public.django_session USING btree (expire_date);


--
-- Name: django_session_session_key_c0390e0f_like; Type: INDEX; Schema: public; Owner: election_user
--

CREATE INDEX django_session_session_key_c0390e0f_like ON public.django_session USING btree (session_key varchar_pattern_ops);


--
-- Name: auth_group_permissions auth_group_permissio_permission_id_84c5c92e_fk_auth_perm; Type: FK CONSTRAINT; Schema: public; Owner: election_user
--

ALTER TABLE ONLY public.auth_group_permissions
    ADD CONSTRAINT auth_group_permissio_permission_id_84c5c92e_fk_auth_perm FOREIGN KEY (permission_id) REFERENCES public.auth_permission(id) DEFERRABLE INITIALLY DEFERRED;


--
-- Name: auth_group_permissions auth_group_permissions_group_id_b120cbf9_fk_auth_group_id; Type: FK CONSTRAINT; Schema: public; Owner: election_user
--

ALTER TABLE ONLY public.auth_group_permissions
    ADD CONSTRAINT auth_group_permissions_group_id_b120cbf9_fk_auth_group_id FOREIGN KEY (group_id) REFERENCES public.auth_group(id) DEFERRABLE INITIALLY DEFERRED;


--
-- Name: auth_permission auth_permission_content_type_id_2f476e4b_fk_django_co; Type: FK CONSTRAINT; Schema: public; Owner: election_user
--

ALTER TABLE ONLY public.auth_permission
    ADD CONSTRAINT auth_permission_content_type_id_2f476e4b_fk_django_co FOREIGN KEY (content_type_id) REFERENCES public.django_content_type(id) DEFERRABLE INITIALLY DEFERRED;


--
-- Name: auth_user_groups auth_user_groups_group_id_97559544_fk_auth_group_id; Type: FK CONSTRAINT; Schema: public; Owner: election_user
--

ALTER TABLE ONLY public.auth_user_groups
    ADD CONSTRAINT auth_user_groups_group_id_97559544_fk_auth_group_id FOREIGN KEY (group_id) REFERENCES public.auth_group(id) DEFERRABLE INITIALLY DEFERRED;


--
-- Name: auth_user_groups auth_user_groups_user_id_6a12ed8b_fk_auth_user_id; Type: FK CONSTRAINT; Schema: public; Owner: election_user
--

ALTER TABLE ONLY public.auth_user_groups
    ADD CONSTRAINT auth_user_groups_user_id_6a12ed8b_fk_auth_user_id FOREIGN KEY (user_id) REFERENCES public.auth_user(id) DEFERRABLE INITIALLY DEFERRED;


--
-- Name: auth_user_user_permissions auth_user_user_permi_permission_id_1fbb5f2c_fk_auth_perm; Type: FK CONSTRAINT; Schema: public; Owner: election_user
--

ALTER TABLE ONLY public.auth_user_user_permissions
    ADD CONSTRAINT auth_user_user_permi_permission_id_1fbb5f2c_fk_auth_perm FOREIGN KEY (permission_id) REFERENCES public.auth_permission(id) DEFERRABLE INITIALLY DEFERRED;


--
-- Name: auth_user_user_permissions auth_user_user_permissions_user_id_a95ead1b_fk_auth_user_id; Type: FK CONSTRAINT; Schema: public; Owner: election_user
--

ALTER TABLE ONLY public.auth_user_user_permissions
    ADD CONSTRAINT auth_user_user_permissions_user_id_a95ead1b_fk_auth_user_id FOREIGN KEY (user_id) REFERENCES public.auth_user(id) DEFERRABLE INITIALLY DEFERRED;


--
-- Name: django_admin_log django_admin_log_content_type_id_c4bce8eb_fk_django_co; Type: FK CONSTRAINT; Schema: public; Owner: election_user
--

ALTER TABLE ONLY public.django_admin_log
    ADD CONSTRAINT django_admin_log_content_type_id_c4bce8eb_fk_django_co FOREIGN KEY (content_type_id) REFERENCES public.django_content_type(id) DEFERRABLE INITIALLY DEFERRED;


--
-- Name: django_admin_log django_admin_log_user_id_c564eba6_fk_auth_user_id; Type: FK CONSTRAINT; Schema: public; Owner: election_user
--

ALTER TABLE ONLY public.django_admin_log
    ADD CONSTRAINT django_admin_log_user_id_c564eba6_fk_auth_user_id FOREIGN KEY (user_id) REFERENCES public.auth_user(id) DEFERRABLE INITIALLY DEFERRED;


--
-- PostgreSQL database dump complete
--

\unrestrict fxNqodGQgUxGED18gdQ9WRwH5Q6qB6ffw8F1LYkJzSeENQawncftjK30uI1BDYZ

